{"PriorVarOpt/train_loss":5.316822052001953,"_wandb":{"runtime":1764},"_runtime":1604.305621627,"_step":1199,"MAP/train_loss":0.003742179600521922,"_timestamp":1.74272134204479e+09}