{"PriorVarOpt/train_loss":3.6936652660369873,"_wandb":{"runtime":3875},"MAP/train_loss":6.824429874541238e-05,"_timestamp":1.7428029696929336e+09,"_runtime":3400.397719992,"_step":1199}