{"_timestamp":1.7427170423575225e+09,"_runtime":5163.022850704,"PriorVarOpt/train_loss":4.951115131378174,"_wandb":{"runtime":5318},"_step":1199,"MAP/train_loss":0.5038632154464722}