{"MAP/train_loss":0.2696860730648041,"_timestamp":1.7427180242866135e+09,"_runtime":520.833519431,"_step":1199,"PriorVarOpt/train_loss":2.3588573932647705,"_wandb":{"runtime":675}}