{"PriorVarOpt/train_loss":4.811590671539307,"_wandb":{"runtime":351},"_runtime":197.249193733,"_step":249,"MAP/train_loss":0.006231158971786499,"_timestamp":1.742711308891869e+09}