{"MAP/train_loss":7.909068517619744e-05,"_timestamp":1.7427389245296667e+09,"_runtime":2809.322272498,"PriorVarOpt/train_loss":6.274596691131592,"_wandb":{"runtime":2964},"_step":1199}