{"PriorVarOpt/train_loss":5.838180065155029,"_wandb":{"runtime":2421},"_runtime":1944.491207458,"_step":1199,"MAP/train_loss":0.001647485769353807,"_timestamp":1.742814154012829e+09}