{"MAP/train_loss":0.2148990035057068,"_timestamp":1.742887126065961e+09,"_runtime":441.616954907,"_step":999,"_wandb":{"runtime":444}}