{"_runtime":1962.610688761,"PriorVarOpt/train_loss":4.547951698303223,"_wandb":{"runtime":2448},"_step":1199,"MAP/train_loss":0.1902475506067276,"_timestamp":1.7428892944608407e+09}