{"_step":1199,"PriorVarOpt/train_loss":5.254852294921875,"_wandb":{"runtime":2330},"MAP/train_loss":0.0010449346154928207,"_timestamp":1.7428165985590608e+09,"_runtime":1854.014096086}