{"_wandb":{"runtime":2369},"_step":1199,"MAP/train_loss":0.0006557984743267298,"_timestamp":1.7428074858748631e+09,"_runtime":1895.270039801,"PriorVarOpt/train_loss":3.344027519226074}