{"_runtime":650.742026283,"_step":1199,"MAP/train_loss":0.058420345187187195,"PriorVarOpt/train_loss":6.326724529266357,"_wandb":{"runtime":1128},"_timestamp":1.7428178855091133e+09}